time,speed,mode,collisionFlag,sessionId,front,frontLeft,left,frontRight,right,steer,throttle
3.0000,1.5197,Human,1,drive_session_013,1.0000,0.7255,0.5130,0.6081,0.4300,0.0000,1.0000
3.1200,2.5177,Human,1,drive_session_013,1.0000,0.7255,0.5130,0.6081,0.4300,0.0000,1.0000
3.2400,3.2990,Human,1,drive_session_013,1.0000,0.7255,0.5130,0.6081,0.4300,0.0000,1.0000
3.3600,3.9105,Human,1,drive_session_013,1.0000,0.7255,0.5130,0.6081,0.4300,0.0000,1.0000
3.4800,4.3892,Human,1,drive_session_013,1.0000,0.7255,0.5130,0.6081,0.4300,0.0000,1.0000
3.6000,4.7639,Human,1,drive_session_013,1.0000,0.7255,0.5130,0.6081,0.4300,0.0000,1.0000
3.7200,5.0572,Human,1,drive_session_013,1.0000,0.7255,0.5130,0.6081,0.4300,0.0000,1.0000
3.8400,5.2868,Human,1,drive_session_013,1.0000,0.7255,0.5130,0.6081,0.4300,0.0000,1.0000
3.9600,5.4665,Human,1,drive_session_013,1.0000,0.7255,0.5130,0.6081,0.4300,0.0000,1.0000
4.0800,5.6072,Human,1,drive_session_013,1.0000,0.7255,0.5130,0.6081,0.4300,0.0000,1.0000
4.2000,5.7173,Human,1,drive_session_013,1.0000,0.7255,0.5130,0.6081,0.4300,0.0000,1.0000
4.3200,5.8034,Human,1,drive_session_013,1.0000,0.7255,0.5130,0.6081,0.4300,0.0000,1.0000
4.4400,5.8709,Human,1,drive_session_013,1.0000,0.7255,0.5130,0.6081,0.4300,0.0000,1.0000
4.5600,5.9237,Human,1,drive_session_013,1.0000,0.7255,0.5130,0.6081,0.4300,0.0000,1.0000
4.6800,5.9651,Human,1,drive_session_013,1.0000,0.7254,0.5130,0.6082,0.4300,0.0000,1.0000
4.8000,5.9974,Human,1,drive_session_013,1.0000,0.7254,0.5130,0.6082,0.4300,0.0000,1.0000
4.9200,6.0227,Human,1,drive_session_013,1.0000,0.7254,0.5130,0.6082,0.4300,0.0000,1.0000
5.0400,6.0426,Human,1,drive_session_013,1.0000,0.7254,0.5130,0.6082,0.4300,0.0000,1.0000
5.1600,6.0581,Human,1,drive_session_013,1.0000,0.7254,0.5130,0.6082,0.4300,0.0000,1.0000
5.2800,6.0702,Human,1,drive_session_013,1.0000,0.7254,0.5130,0.6082,0.4300,0.0000,1.0000
5.4000,6.0797,Human,1,drive_session_013,1.0000,0.7254,0.5130,0.6082,0.4300,0.0000,1.0000
5.5200,6.0872,Human,1,drive_session_013,1.0000,0.7254,0.5130,0.6082,0.4300,0.0000,1.0000
5.6400,6.0930,Human,1,drive_session_013,1.0000,0.7254,0.5130,0.6082,0.4300,0.0000,1.0000
5.7600,6.0976,Human,1,drive_session_013,1.0000,0.7254,0.5130,0.6082,0.4300,0.0000,1.0000
5.8800,6.1011,Human,1,drive_session_013,1.0000,0.7254,0.5130,0.6082,0.4300,0.0000,1.0000
6.0000,6.1039,Human,1,drive_session_013,1.0000,0.7254,0.5130,0.6082,0.4300,0.0000,1.0000
6.1200,6.1061,Human,1,drive_session_013,1.0000,0.7254,0.5130,0.6082,0.4300,0.0000,1.0000
6.2400,6.1078,Human,1,drive_session_013,1.0000,0.7254,0.5130,0.6082,0.4300,0.0000,1.0000
6.3600,6.1092,Human,1,drive_session_013,1.0000,0.7254,0.5129,0.6082,0.4301,0.0000,1.0000
6.4800,6.1102,Human,1,drive_session_013,1.0000,0.7254,0.5129,0.6082,0.4301,0.0000,1.0000
6.6000,6.1110,Human,1,drive_session_013,1.0000,0.7254,0.5129,0.6082,0.4301,0.0000,1.0000
6.7200,6.1117,Human,1,drive_session_013,1.0000,0.7254,0.5129,0.6082,0.4301,0.0000,1.0000
6.8400,6.1122,Human,1,drive_session_013,1.0000,0.7254,0.5129,0.6082,0.4301,0.0000,1.0000
6.9600,6.1126,Human,1,drive_session_013,1.0000,0.7254,0.5129,0.6082,0.4301,0.0000,1.0000
7.0800,6.1129,Human,1,drive_session_013,1.0000,0.7254,0.5129,0.6082,0.4301,0.0000,1.0000
7.2000,6.1131,Human,1,drive_session_013,1.0000,0.7254,0.5129,0.6082,0.4301,0.0000,1.0000
7.3200,6.1133,Human,1,drive_session_013,1.0000,0.7254,0.5129,0.6082,0.4301,0.0000,1.0000
7.4400,6.1135,Human,1,drive_session_013,1.0000,0.7254,0.5129,0.6082,0.4301,0.0000,1.0000
7.5600,6.1136,Human,1,drive_session_013,1.0000,0.7254,0.5129,0.6082,0.4301,0.0000,1.0000
7.6800,6.1137,Human,1,drive_session_013,1.0000,0.7254,0.5129,0.6082,0.4301,0.0000,1.0000
7.8000,6.1138,Human,1,drive_session_013,1.0000,0.7254,0.5129,0.6082,0.4301,0.0000,1.0000
7.9200,6.1138,Human,1,drive_session_013,1.0000,1.0000,0.5129,0.6082,0.4301,0.0000,1.0000
8.0400,6.1139,Human,1,drive_session_013,1.0000,1.0000,0.5129,0.6083,0.4301,0.0000,1.0000
8.1600,6.0410,Human,1,drive_session_013,1.0000,1.0000,0.4831,0.8056,0.4733,-1.0000,1.0000
8.2800,5.9576,Human,1,drive_session_013,1.0000,0.5050,0.4649,1.0000,0.5202,0.0000,1.0000
8.4000,6.0044,Human,1,drive_session_013,1.0000,1.0000,0.4549,1.0000,0.5302,0.0000,1.0000
8.5200,6.0332,Human,1,drive_session_013,1.0000,1.0000,0.4390,1.0000,0.5461,0.0000,1.0000
8.6400,6.0527,Human,1,drive_session_013,1.0000,1.0000,0.4216,1.0000,0.5634,0.0000,1.0000
8.7600,6.1092,Human,1,drive_session_013,1.0000,1.0000,0.4006,1.0000,0.5845,-1.0000,1.0000
8.8800,6.1359,Human,1,drive_session_013,1.0000,1.0000,0.3640,0.9172,0.7385,-1.0000,1.0000
9.0000,5.7499,Human,1,drive_session_013,1.0000,1.0000,0.3455,0.8706,1.0000,-1.0000,1.0000
9.1200,6.3346,Human,1,drive_session_013,1.0000,1.0000,0.3064,0.8409,1.0000,0.0000,1.0000
9.2400,6.6340,Human,1,drive_session_013,1.0000,1.0000,0.2629,0.7843,0.9447,0.0000,1.0000
9.3600,6.6901,Human,1,drive_session_013,0.9893,1.0000,0.3367,0.7238,0.8746,-1.0000,1.0000
9.4800,6.4014,Human,1,drive_session_013,1.0000,1.0000,0.2948,0.7422,0.7624,-1.0000,1.0000
9.6000,6.1207,Human,1,drive_session_013,1.0000,1.0000,0.3013,0.7438,0.7173,0.0000,1.0000
9.7200,6.1563,Human,1,drive_session_013,1.0000,1.0000,0.3583,0.6923,0.6817,0.0000,1.0000
9.8400,6.9491,Human,1,drive_session_013,1.0000,1.0000,0.4035,0.6495,0.6557,-1.0000,1.0000
9.9600,6.0270,Human,1,drive_session_013,1.0000,0.7779,0.3630,0.7418,0.6322,-1.0000,1.0000
10.0800,5.9642,Human,1,drive_session_013,1.0000,0.6998,0.3713,0.7585,0.6125,0.0000,1.0000
10.2000,6.0199,Human,1,drive_session_013,1.0000,0.7957,0.3934,0.7165,0.5919,0.0000,1.0000
10.3200,6.0195,Human,1,drive_session_013,1.0000,0.7884,0.4013,0.6961,0.5804,-1.0000,1.0000
10.4400,5.9562,Human,1,drive_session_013,1.0000,0.4928,0.3638,0.8372,0.6279,0.0000,1.0000
10.5600,5.9936,Human,1,drive_session_013,1.0000,0.5344,0.3699,0.7990,0.6195,0.0000,1.0000
10.6800,6.0292,Human,1,drive_session_013,1.0000,0.5594,0.3707,0.7749,0.6173,0.0000,1.0000
10.8000,6.0532,Human,1,drive_session_013,1.0000,0.5816,0.3708,0.7536,0.5986,0.0000,1.0000
10.9200,5.7386,Human,1,drive_session_013,1.0000,0.6283,0.3824,0.7378,0.5862,0.0000,1.0000
11.0400,6.5860,Human,1,drive_session_013,1.0000,0.6953,0.3936,0.7209,0.5780,0.0000,1.0000
11.1600,6.1342,Human,1,drive_session_013,1.0000,0.4649,0.3576,0.8710,0.6096,0.0000,1.0000
11.2800,6.1451,Human,1,drive_session_013,1.0000,0.5019,0.3618,0.8404,0.6006,0.0000,1.0000
11.4000,6.1444,Human,1,drive_session_013,1.0000,0.5294,0.3602,0.8204,0.5999,0.0000,1.0000
11.5200,6.1401,Human,1,drive_session_013,1.0000,0.5525,0.3554,0.8012,0.6003,0.0000,1.0000
11.6400,6.1354,Human,1,drive_session_013,1.0000,0.5784,0.3506,0.7822,0.6040,0.0000,1.0000
11.7600,6.2672,Human,1,drive_session_013,1.0000,0.6022,0.3631,0.7648,0.6092,0.0000,1.0000
11.8800,6.3077,Human,1,drive_session_013,1.0000,0.6253,0.3756,0.7460,0.6058,0.0000,1.0000
12.0000,6.2398,Human,1,drive_session_013,1.0000,0.6457,0.3859,0.7292,0.5967,0.0000,1.0000
12.1200,6.2126,Human,1,drive_session_013,1.0000,0.6661,0.3967,0.7123,0.5858,0.0000,1.0000
12.2400,6.3300,Human,1,drive_session_013,1.0000,0.6866,0.4096,0.6987,0.5746,0.0000,1.0000
12.3600,6.3785,Human,1,drive_session_013,1.0000,0.7108,0.4223,0.6836,0.5637,0.0000,1.0000
12.4800,6.2842,Human,1,drive_session_013,1.0000,0.7349,0.4352,0.6678,0.5493,0.0000,1.0000
12.6000,5.5321,Human,1,drive_session_013,1.0000,0.7566,0.4468,0.6541,0.5363,0.0000,1.0000
12.7200,6.9372,Human,1,drive_session_013,1.0000,0.7735,0.4586,0.6391,0.5244,0.0000,1.0000
12.8400,6.2824,Human,1,drive_session_013,1.0000,0.7927,0.4714,0.6229,0.5094,0.0000,1.0000
12.9600,6.2453,Human,1,drive_session_013,1.0000,0.8061,0.4833,0.6075,0.4975,0.0000,1.0000
13.0800,5.5892,Human,1,drive_session_013,1.0000,0.8150,0.4971,0.5950,0.4859,0.0000,1.0000
13.2000,6.9819,Human,1,drive_session_013,1.0000,0.8056,0.5088,0.5807,0.4740,0.0000,1.0000
13.3200,6.3106,Human,1,drive_session_013,1.0000,0.7985,0.5237,0.5667,0.4609,0.0000,1.0000
13.4400,6.2675,Human,1,drive_session_013,1.0000,0.7900,0.5368,0.5562,0.4492,0.0000,1.0000
13.5600,6.2342,Human,1,drive_session_013,1.0000,0.7817,0.5463,0.5494,0.4380,0.0000,1.0000
13.6800,6.2081,Human,1,drive_session_013,1.0000,0.7766,0.5570,0.5654,0.4237,0.0000,1.0000
13.8000,6.3144,Human,1,drive_session_013,1.0000,0.7703,0.5652,0.5790,0.4145,0.0000,1.0000
13.9200,6.0818,Human,1,drive_session_013,1.0000,0.7612,0.5771,0.5920,0.4043,0.0000,1.0000
14.0400,6.9686,Human,1,drive_session_013,1.0000,0.7531,0.5756,0.6038,0.3966,0.0000,1.0000
14.1600,6.4183,Human,1,drive_session_013,1.0000,0.7385,0.5674,0.6170,0.3841,0.0000,1.0000
14.2800,6.3524,Human,1,drive_session_013,1.0000,0.7311,0.5602,0.6816,0.3964,0.0000,1.0000
14.4000,4.7527,Human,1,drive_session_013,1.0000,0.8215,0.5809,0.5364,0.3762,1.0000,1.0000
14.5200,6.2359,Human,1,drive_session_013,1.0000,0.9025,0.6161,0.4404,0.3564,0.0000,1.0000
14.6400,5.7104,Human,1,drive_session_013,1.0000,0.8801,0.6186,0.4644,0.3563,0.0000,1.0000
14.7600,5.7996,Human,1,drive_session_013,1.0000,0.8620,0.6258,0.4841,0.3518,0.0000,1.0000
14.8800,5.8692,Human,1,drive_session_013,1.0000,0.8454,0.6303,0.5047,0.3446,0.0000,1.0000
15.0000,5.9229,Human,1,drive_session_013,1.0000,0.8307,0.6396,0.5214,0.3357,0.0000,1.0000
15.1200,5.7283,Human,1,drive_session_013,1.0000,0.8180,0.6510,0.5375,0.3345,0.0000,1.0000
15.2400,6.2792,Human,1,drive_session_013,1.0000,0.8018,0.6426,0.5521,0.3437,0.0000,1.0000
15.3600,6.2014,Human,1,drive_session_013,1.0000,0.7881,0.6345,0.5678,0.3540,0.0000,1.0000
15.4800,6.1824,Human,1,drive_session_013,1.0000,0.7759,0.6246,0.5823,0.3631,0.0000,1.0000
15.6000,5.6953,Human,1,drive_session_013,1.0000,0.7523,0.6138,1.0000,0.3719,0.0000,1.0000
15.7200,7.0649,Human,1,drive_session_013,1.0000,0.7183,0.6024,1.0000,0.3827,0.0000,1.0000
15.8400,6.3277,Human,1,drive_session_013,1.0000,0.6887,0.5926,1.0000,0.3901,0.0000,1.0000
15.9600,6.2812,Human,1,drive_session_013,1.0000,0.6592,0.5821,1.0000,0.3998,0.0000,1.0000
16.0800,6.0431,Human,1,drive_session_013,1.0000,0.7575,0.6132,1.0000,0.3614,1.0000,1.0000
16.2000,5.9989,Human,1,drive_session_013,1.0000,0.9957,0.6541,1.0000,0.3296,1.0000,1.0000
16.3200,5.7940,Human,1,drive_session_013,0.9833,1.0000,0.6805,1.0000,0.3129,0.0000,1.0000
16.4400,6.1030,Human,1,drive_session_013,0.9045,1.0000,0.6783,1.0000,0.2932,0.0000,1.0000
16.5600,6.0224,Human,1,drive_session_013,0.8275,0.9479,0.6797,1.0000,0.4090,0.0000,1.0000
16.6800,6.6972,Human,1,drive_session_013,0.7891,0.8135,0.7389,1.0000,0.4572,1.0000,1.0000
16.8000,6.1703,Human,1,drive_session_013,0.7826,0.7017,0.8459,1.0000,0.4424,0.0000,1.0000
16.9200,6.1832,Human,1,drive_session_013,0.6941,0.6223,0.8735,1.0000,0.5959,0.0000,1.0000
17.0400,6.3017,Human,1,drive_session_013,0.6373,0.5514,0.8967,1.0000,0.6735,1.0000,1.0000
17.1600,5.9943,Human,1,drive_session_013,0.7349,0.5033,0.6902,1.0000,0.5431,1.0000,1.0000
17.2800,5.6038,Human,1,drive_session_013,1.0000,0.5089,0.5577,1.0000,0.4683,1.0000,1.0000
17.4000,5.1864,Human,1,drive_session_013,1.0000,0.5653,0.5024,0.8102,0.4258,1.0000,1.0000
17.5200,5.3663,Human,1,drive_session_013,1.0000,0.5984,0.4766,0.6954,0.4296,0.0000,1.0000
17.6400,5.7668,Human,1,drive_session_013,1.0000,0.5610,0.4468,0.7435,0.4593,0.0000,1.0000
17.7600,5.8170,Human,1,drive_session_013,1.0000,0.5605,0.4296,0.7296,0.4725,1.0000,1.0000
17.8800,5.7141,Human,1,drive_session_013,1.0000,0.6960,0.4508,0.5889,0.4513,0.0000,1.0000
18.0000,5.6269,Human,1,drive_session_013,1.0000,0.6847,0.4435,0.5984,0.4586,0.0000,1.0000
18.1200,6.2935,Human,1,drive_session_013,1.0000,0.6806,0.4409,0.6018,0.4613,0.0000,1.0000
18.2400,6.1045,Human,1,drive_session_013,1.0000,0.6814,0.4414,0.6012,0.4608,0.0000,1.0000
18.3600,6.1079,Human,1,drive_session_013,1.0000,0.6854,0.4440,0.5978,0.4582,0.0000,1.0000
18.4800,6.1097,Human,1,drive_session_013,1.0000,0.6921,0.4483,0.5921,0.4539,0.0000,1.0000
18.6000,6.1109,Human,1,drive_session_013,1.0000,0.6992,0.4529,0.5861,0.4492,0.0000,1.0000
18.7200,6.1116,Human,1,drive_session_013,1.0000,0.7072,0.4581,0.5794,0.4441,0.0000,1.0000
18.8400,6.1122,Human,1,drive_session_013,1.0000,0.7164,0.4640,0.5716,0.4381,0.0000,1.0000
18.9600,6.1126,Human,1,drive_session_013,1.0000,0.7252,0.4698,0.5641,0.4324,0.0000,1.0000
19.0800,6.1129,Human,1,drive_session_013,1.0000,0.7340,0.4755,0.5567,0.4267,0.0000,1.0000
19.2000,6.1132,Human,1,drive_session_013,1.0000,0.7439,0.4819,0.5484,0.4203,0.0000,1.0000
19.3200,6.1133,Human,1,drive_session_013,1.0000,0.7530,0.4878,0.5406,0.4144,0.0000,1.0000
19.4400,6.0963,Human,1,drive_session_013,1.0000,0.6699,0.4737,0.6015,0.4253,0.0000,1.0000
19.5600,6.1019,Human,1,drive_session_013,1.0000,0.6752,0.4775,0.5962,0.4215,0.0000,1.0000
19.6800,6.1052,Human,1,drive_session_013,1.0000,0.6787,0.4799,0.5927,0.4191,0.0000,1.0000
19.8000,6.1074,Human,1,drive_session_013,1.0000,0.6810,0.4816,0.5904,0.4174,0.0000,1.0000
19.9200,6.1089,Human,1,drive_session_013,1.0000,0.6824,0.4825,0.5890,0.4165,0.0000,1.0000
20.0400,6.1101,Human,1,drive_session_013,1.0000,0.6832,0.4831,0.5882,0.4159,0.0000,1.0000
20.1600,6.1110,Human,1,drive_session_013,1.0000,0.6837,0.4835,0.5877,0.4155,0.0000,1.0000
20.2800,6.1116,Human,1,drive_session_013,1.0000,0.6841,0.4837,0.5873,0.4153,0.0000,1.0000
20.4000,6.1121,Human,1,drive_session_013,1.0000,0.6842,0.4838,0.5871,0.4152,0.0000,1.0000
20.5200,6.1125,Human,1,drive_session_013,1.0000,0.6844,0.4839,0.5870,0.4151,0.0000,1.0000
20.6400,6.1129,Human,1,drive_session_013,1.0000,0.6844,0.4840,0.5869,0.4150,0.0000,1.0000
20.7600,6.1131,Human,1,drive_session_013,1.0000,0.6845,0.4840,0.5869,0.4150,0.0000,1.0000
20.8800,6.1133,Human,1,drive_session_013,1.0000,0.6845,0.4840,0.5869,0.4150,0.0000,1.0000
21.0000,6.1135,Human,1,drive_session_013,1.0000,0.6845,0.4841,0.5868,0.4149,0.0000,1.0000
21.1200,6.1136,Human,1,drive_session_013,1.0000,0.6845,0.4841,0.5868,0.4149,0.0000,1.0000
21.2400,6.1137,Human,1,drive_session_013,1.0000,0.6845,0.4841,0.5868,0.4149,0.0000,1.0000
21.3600,6.1138,Human,1,drive_session_013,1.0000,0.6845,0.4841,0.5868,0.4149,0.0000,1.0000
21.4800,6.1138,Human,1,drive_session_013,1.0000,0.6845,0.4841,0.5868,0.4149,0.0000,1.0000
21.6000,6.1138,Human,1,drive_session_013,1.0000,0.6845,0.4841,0.5868,0.4149,0.0000,1.0000
21.7200,6.1139,Human,1,drive_session_013,1.0000,0.6845,0.4841,0.5868,0.4149,0.0000,1.0000
21.8400,6.1139,Human,1,drive_session_013,1.0000,0.6845,0.4841,0.5868,0.4149,0.0000,1.0000
21.9600,6.1139,Human,1,drive_session_013,1.0000,0.6845,0.4841,0.5868,0.4149,0.0000,1.0000
22.0800,6.1139,Human,1,drive_session_013,1.0000,0.6845,0.4841,0.5868,0.4149,0.0000,1.0000
22.2000,6.1140,Human,1,drive_session_013,1.0000,0.6845,0.4840,0.5869,0.4150,0.0000,1.0000
22.3200,6.1140,Human,1,drive_session_013,1.0000,0.6845,0.4840,0.5869,0.4150,0.0000,1.0000
22.4400,6.1140,Human,1,drive_session_013,1.0000,0.6845,0.4840,0.5869,0.4150,0.0000,1.0000
22.5600,6.1140,Human,1,drive_session_013,1.0000,0.6845,0.4840,0.6109,0.4150,0.0000,1.0000
22.6800,6.1140,Human,1,drive_session_013,1.0000,0.6845,0.4840,0.6109,0.4150,0.0000,1.0000
22.8000,6.1140,Human,1,drive_session_013,1.0000,0.6845,0.4840,0.6109,0.4150,0.0000,1.0000
22.9200,6.1140,Human,1,drive_session_013,1.0000,0.6845,0.4840,0.6109,0.4150,0.0000,1.0000
23.0400,6.1140,Human,1,drive_session_013,1.0000,0.6845,0.4840,0.6109,0.4150,0.0000,1.0000
23.1600,6.1140,Human,1,drive_session_013,1.0000,0.6845,0.4840,0.6110,0.4150,0.0000,1.0000
23.2800,6.1140,Human,1,drive_session_013,1.0000,0.6845,0.4840,0.6110,0.4320,0.0000,1.0000
23.4000,6.1140,Human,1,drive_session_013,1.0000,1.0000,0.4840,0.6110,0.4320,0.0000,1.0000
23.5200,6.1086,Human,1,drive_session_013,1.0000,1.0000,0.4753,0.6517,0.4415,-1.0000,1.0000
23.6400,5.9219,Human,1,drive_session_013,1.0000,0.4761,0.4383,1.0000,0.5185,0.0000,1.0000
23.7600,5.9842,Human,1,drive_session_013,1.0000,0.4673,0.4302,1.0000,0.5266,0.0000,1.0000
23.8800,6.0204,Human,1,drive_session_013,1.0000,1.0000,0.4161,1.0000,0.5407,0.0000,1.0000
24.0000,6.0438,Human,1,drive_session_013,1.0000,1.0000,0.4003,1.0000,0.5565,0.0000,1.0000
24.1200,5.6580,Human,1,drive_session_013,1.0000,1.0000,0.3812,1.0000,0.5756,0.0000,1.0000
24.2400,6.8404,Human,1,drive_session_013,0.9837,1.0000,0.3508,0.9667,0.6344,-1.0000,1.0000
24.3600,5.9855,Human,1,drive_session_013,1.0000,1.0000,0.3175,0.8709,0.8148,-1.0000,1.0000
24.4800,6.2412,Human,1,drive_session_013,1.0000,1.0000,0.2916,0.8455,1.0000,-1.0000,1.0000
24.6000,5.8299,Human,1,drive_session_013,1.0000,1.0000,0.2356,0.7966,0.9552,0.0000,1.0000
24.7200,5.9174,Human,1,drive_session_013,1.0000,1.0000,0.2997,0.7403,0.8870,0.0000,1.0000
24.8400,6.0493,Human,1,drive_session_013,1.0000,1.0000,0.3012,0.7448,0.7874,-1.0000,1.0000
24.9600,5.7309,Human,1,drive_session_013,1.0000,1.0000,0.2693,0.7735,0.7325,-1.0000,1.0000
25.0800,5.9883,Human,1,drive_session_013,1.0000,1.0000,0.3121,0.7410,0.7015,0.0000,1.0000
25.2000,5.7679,Human,1,drive_session_013,1.0000,1.0000,0.3572,0.6973,0.6736,0.0000,1.0000
25.3200,5.9632,Human,1,drive_session_013,1.0000,1.0000,0.4039,0.6517,0.6491,0.0000,1.0000
25.4400,6.1611,Human,1,drive_session_013,1.0000,0.8090,0.3702,0.7336,0.6253,-1.0000,1.0000
25.5600,5.8566,Human,1,drive_session_013,1.0000,0.5021,0.3452,0.8228,0.6315,0.0000,1.0000
25.6800,5.9519,Human,1,drive_session_013,1.0000,0.5752,0.3639,0.7864,0.6142,0.0000,1.0000
25.8000,6.0025,Human,1,drive_session_013,1.0000,0.6372,0.3757,0.7492,0.6032,0.0000,1.0000
25.9200,6.7581,Human,1,drive_session_013,1.0000,0.6916,0.3843,0.7144,0.5961,0.0000,1.0000
26.0400,6.4191,Human,1,drive_session_013,1.0000,0.7817,0.3913,0.6825,0.5885,0.0000,1.0000
26.1600,6.3522,Human,1,drive_session_013,1.0000,0.9259,0.4057,0.6556,0.5826,0.0000,1.0000
26.2800,6.3010,Human,1,drive_session_013,1.0000,1.0000,0.4310,0.6236,0.5727,-1.0000,1.0000
26.4000,6.5482,Human,1,drive_session_013,1.0000,0.6173,0.3915,0.7479,0.5773,0.0000,1.0000
26.5200,6.3132,Human,1,drive_session_013,1.0000,0.6956,0.4085,0.7252,0.5585,0.0000,1.0000
26.6400,6.2713,Human,1,drive_session_013,1.0000,0.7568,0.4199,0.7016,0.5443,0.0000,1.0000
26.7600,6.2303,Human,1,drive_session_013,1.0000,0.8251,0.4278,0.6713,0.5342,0.0000,1.0000
26.8800,6.2059,Human,1,drive_session_013,1.0000,0.8849,0.4343,0.6430,0.5215,0.0000,1.0000
27.0000,6.1863,Human,1,drive_session_013,1.0000,0.9390,0.4485,0.6172,0.5139,0.0000,1.0000
27.1200,5.5347,Human,1,drive_session_013,1.0000,0.9931,0.4700,0.5913,0.5057,0.0000,1.0000
27.2400,6.9393,Human,1,drive_session_013,1.0000,1.0000,0.4966,0.5631,0.4976,0.0000,1.0000
27.3600,6.2290,Human,1,drive_session_013,1.0000,1.0000,0.5070,0.5553,0.4991,-1.0000,1.0000
27.4800,6.0025,Human,1,drive_session_013,1.0000,0.6609,0.4542,0.7084,0.5189,0.0000,1.0000
27.6000,6.0488,Human,1,drive_session_013,1.0000,0.6862,0.4703,0.6838,0.5011,0.0000,1.0000
27.7200,6.0439,Human,1,drive_session_013,1.0000,0.7027,0.4806,0.6702,0.4926,0.0000,1.0000
27.8400,6.3904,Human,1,drive_session_013,1.0000,0.7171,0.4905,0.6587,0.4827,0.0000,1.0000
27.9600,6.2374,Human,1,drive_session_013,1.0000,0.7276,0.4977,0.6512,0.4755,0.0000,1.0000
28.0800,6.2112,Human,1,drive_session_013,1.0000,0.7342,0.5008,0.6445,0.4710,0.0000,1.0000
28.2000,6.8448,Human,1,drive_session_013,1.0000,0.7412,0.5041,0.6403,0.4661,0.0000,1.0000
28.3200,6.3512,Human,1,drive_session_013,1.0000,0.7432,0.5068,0.6335,0.4619,0.0000,1.0000
28.4400,6.2988,Human,1,drive_session_013,1.0000,0.7446,0.5094,0.6324,0.4597,0.0000,1.0000
28.5600,6.2587,Human,1,drive_session_013,1.0000,0.7438,0.5128,0.6316,0.4572,0.0000,1.0000
28.6800,6.8134,Human,1,drive_session_013,1.0000,0.7464,0.5167,0.6286,0.4550,0.0000,1.0000
28.8000,6.3577,Human,1,drive_session_013,1.0000,0.7271,0.5209,0.6291,0.4523,0.0000,1.0000
28.9200,6.3026,Human,1,drive_session_013,1.0000,0.7076,0.5247,0.6644,0.4502,0.0000,1.0000
29.0400,6.2616,Human,1,drive_session_013,1.0000,0.6874,0.5269,0.7008,0.4463,0.0000,1.0000
29.1600,6.2295,Human,1,drive_session_013,1.0000,0.6708,0.5271,0.7322,0.4461,0.0000,1.0000
29.2800,6.1546,Human,1,drive_session_013,1.0000,0.6506,0.5272,0.7657,0.4460,0.0000,1.0000
29.4000,6.8246,Human,1,drive_session_013,1.0000,0.6336,0.5252,0.8507,0.4480,0.0000,1.0000
29.5200,7.2629,Human,1,drive_session_013,1.0000,0.6122,0.5218,0.9934,0.4521,0.0000,1.0000
29.6400,6.6007,Human,1,drive_session_013,1.0000,0.5915,0.5033,1.0000,0.4727,0.0000,1.0000
29.7600,6.4949,Human,1,drive_session_013,1.0000,0.5715,0.4878,1.0000,0.4913,0.0000,1.0000
29.8800,6.9894,Human,1,drive_session_013,1.0000,0.6711,0.4955,0.8269,0.4627,1.0000,1.0000
30.0000,6.1579,Human,1,drive_session_013,1.0000,0.8339,0.5526,0.5324,0.4288,1.0000,1.0000
30.1200,6.1276,Human,1,drive_session_013,1.0000,0.8454,0.5649,0.5255,0.4286,0.0000,1.0000
30.2400,6.1444,Human,1,drive_session_013,1.0000,0.8214,0.5660,0.5509,0.4251,0.0000,1.0000
30.3600,6.1457,Human,1,drive_session_013,1.0000,0.8054,0.5751,0.5663,0.4168,0.0000,1.0000
30.4800,6.1419,Human,1,drive_session_013,1.0000,0.7930,0.5836,0.5785,0.4045,0.0000,1.0000
30.6000,6.2105,Human,1,drive_session_013,1.0000,0.7816,0.5797,0.5885,0.4012,0.0000,1.0000
30.7200,6.3778,Human,1,drive_session_013,1.0000,0.7731,0.5761,0.5944,0.4054,0.0000,1.0000
30.8400,6.2965,Human,1,drive_session_013,1.0000,0.7657,0.5701,0.6003,0.4099,0.0000,1.0000
30.9600,6.3379,Human,1,drive_session_013,1.0000,0.7440,0.5654,1.0000,0.4139,0.0000,1.0000
31.0800,6.3080,Human,1,drive_session_013,1.0000,0.7169,0.5604,1.0000,0.4173,0.0000,1.0000
31.2000,6.5907,Human,1,drive_session_013,1.0000,0.6893,0.5557,1.0000,0.4218,0.0000,1.0000
31.3200,6.2992,Human,1,drive_session_013,1.0000,0.8196,0.6026,1.0000,0.3847,1.0000,1.0000
31.4400,6.0104,Human,1,drive_session_013,1.0000,1.0000,0.6644,1.0000,0.3586,0.0000,1.0000
31.5600,6.3692,Human,1,drive_session_013,1.0000,1.0000,0.6561,1.0000,0.3450,0.0000,1.0000
31.6800,6.2954,Human,1,drive_session_013,0.9910,1.0000,0.6558,1.0000,0.3250,0.0000,1.0000
31.8000,5.5537,Human,1,drive_session_013,0.9133,1.0000,0.6567,1.0000,0.3010,0.0000,1.0000
31.9200,6.9541,Human,1,drive_session_013,0.8338,1.0000,0.6624,1.0000,0.3858,0.0000,1.0000
32.0400,6.3488,Human,1,drive_session_013,0.7683,0.9468,0.6651,1.0000,0.6568,0.0000,1.0000
32.1600,6.4638,Human,1,drive_session_013,0.7249,0.7473,0.7507,1.0000,0.5065,1.0000,1.0000
32.2800,5.9559,Human,1,drive_session_013,0.7729,0.6449,0.8933,1.0000,0.3877,1.0000,1.0000
32.4000,5.4278,Human,1,drive_session_013,0.9183,0.6017,0.7927,1.0000,0.3381,1.0000,1.0000
32.5200,5.9148,Human,1,drive_session_013,0.9349,0.5564,0.6793,1.0000,0.3788,0.0000,1.0000
32.6400,5.6896,Human,1,drive_session_013,1.0000,0.5626,0.5750,0.9230,0.3621,1.0000,1.0000
32.7600,5.2406,Human,1,drive_session_013,1.0000,0.6546,0.5412,0.5565,0.3270,1.0000,1.0000
32.8800,5.6728,Human,1,drive_session_013,1.0000,0.6704,0.5139,0.5329,0.3452,0.0000,1.0000
33.0000,5.7636,Human,1,drive_session_013,1.0000,0.6384,0.4893,0.5708,0.3697,0.0000,1.0000
33.1200,5.8568,Human,1,drive_session_013,1.0000,0.6178,0.4735,0.5952,0.3855,1.0000,1.0000
33.2400,5.7984,Human,1,drive_session_013,1.0000,0.7689,0.4981,0.4709,0.3609,0.0000,1.0000
33.3600,6.1040,Human,1,drive_session_013,1.0000,0.7581,0.4910,0.4801,0.3680,0.0000,1.0000
33.4800,6.0696,Human,1,drive_session_013,1.0000,0.7552,0.4892,0.4825,0.3698,0.0000,1.0000
33.6000,6.0819,Human,1,drive_session_013,1.0000,0.7574,0.4906,0.4806,0.3684,0.0000,1.0000
33.7200,6.0899,Human,1,drive_session_013,1.0000,0.7619,0.4935,0.4768,0.3655,0.0000,1.0000
33.8400,6.0955,Human,1,drive_session_013,1.0000,0.7688,0.4980,0.4710,0.3610,0.0000,1.0000
33.9600,6.0997,Human,1,drive_session_013,1.0000,0.7767,0.5031,0.4643,0.3559,0.0000,1.0000
34.0800,6.1028,Human,1,drive_session_013,1.0000,0.7852,0.5086,0.4572,0.3504,0.0000,1.0000
34.2000,6.1053,Human,1,drive_session_013,1.0000,0.7935,0.5140,0.4501,0.3450,0.0000,1.0000
34.3200,6.0664,Human,1,drive_session_013,1.0000,0.6666,0.4911,0.5397,0.3656,0.0000,1.0000
34.4400,6.0816,Human,1,drive_session_013,1.0000,0.6713,0.4946,0.5346,0.3621,0.0000,1.0000
34.5600,6.0905,Human,1,drive_session_013,1.0000,0.6727,0.4956,0.5331,0.3611,0.0000,1.0000
34.6800,6.0963,Human,1,drive_session_013,1.0000,0.6719,0.4951,0.5339,0.3617,0.0000,1.0000
34.8000,6.1004,Human,1,drive_session_013,1.0000,0.6698,0.4935,0.5362,0.3633,0.0000,1.0000
34.9200,6.1035,Human,1,drive_session_013,1.0000,0.6671,0.4915,0.5392,0.3653,0.0000,1.0000
35.0400,6.1058,Human,1,drive_session_013,1.0000,0.6638,0.4891,0.5427,0.3677,0.0000,1.0000
35.1600,6.1076,Human,1,drive_session_013,1.0000,0.6600,0.4862,0.5469,0.3705,0.0000,1.0000
35.2800,6.1090,Human,1,drive_session_013,1.0000,0.6563,0.4836,0.5509,0.3732,0.0000,1.0000
35.4000,6.1101,Human,1,drive_session_013,1.0000,0.6523,0.4806,0.5553,0.3762,0.0000,1.0000
35.5200,6.1109,Human,1,drive_session_013,1.0000,0.6482,0.4776,0.5597,0.3792,0.0000,1.0000
35.6400,6.1116,Human,1,drive_session_013,1.0000,0.6443,0.4747,0.5640,0.3820,0.0000,1.0000
35.7600,6.1121,Human,1,drive_session_013,1.0000,0.6400,0.4715,0.5686,0.3852,0.0000,1.0000
35.8800,6.1126,Human,1,drive_session_013,1.0000,0.6356,0.4683,0.5734,0.3884,0.0000,1.0000
36.0000,6.1129,Human,1,drive_session_013,1.0000,0.6317,0.4654,0.5777,0.3913,0.0000,1.0000
36.1200,6.1131,Human,1,drive_session_013,1.0000,0.6275,0.4623,0.5823,0.3945,0.0000,1.0000
36.2400,6.1133,Human,1,drive_session_013,1.0000,0.6235,0.4594,0.5866,0.3974,0.0000,1.0000
36.3600,6.1135,Human,1,drive_session_013,1.0000,0.6191,0.4562,0.5914,0.4006,0.0000,1.0000
36.4800,6.1136,Human,1,drive_session_013,1.0000,0.6148,0.4530,0.5961,0.4038,0.0000,1.0000
36.6000,6.1137,Human,1,drive_session_013,1.0000,0.6108,0.4500,0.6005,0.4068,0.0000,1.0000
36.7200,6.1138,Human,1,drive_session_013,1.0000,0.6068,0.4471,0.6048,0.4097,0.0000,1.0000
36.8400,6.1138,Human,1,drive_session_013,1.0000,0.6025,0.4439,0.6094,0.4128,0.0000,1.0000
36.9600,6.1138,Human,1,drive_session_013,1.0000,0.5981,0.4406,0.6143,0.4161,0.0000,1.0000
37.0800,6.1139,Human,1,drive_session_013,1.0000,0.5940,0.4377,0.6187,0.4191,0.0000,1.0000
37.2000,6.1139,Human,1,drive_session_013,1.0000,0.5897,0.4345,0.6233,0.4222,0.0000,1.0000
37.3200,6.1139,Human,1,drive_session_013,1.0000,0.5857,0.4316,0.6277,0.4252,0.0000,1.0000
37.4400,6.1139,Human,1,drive_session_013,1.0000,0.5814,0.4283,0.6324,0.4284,0.0000,1.0000
37.5600,6.1140,Human,1,drive_session_013,1.0000,0.5774,0.4255,0.6367,0.4313,0.0000,1.0000
37.6800,6.1140,Human,1,drive_session_013,1.0000,0.5732,0.4224,0.6412,0.4344,0.0000,1.0000
37.8000,6.1140,Human,1,drive_session_013,1.0000,0.5692,0.4193,0.6457,0.4374,0.0000,1.0000
37.9200,6.1140,Human,1,drive_session_013,1.0000,0.5648,0.4161,0.6505,0.4406,0.0000,1.0000
38.0400,6.1140,Human,1,drive_session_013,1.0000,0.5607,0.4132,0.6548,0.4436,0.0000,1.0000
38.1600,6.1140,Human,1,drive_session_013,1.0000,0.5564,0.4100,0.6595,0.4468,0.0000,1.0000
38.2800,6.1140,Human,1,drive_session_013,1.0000,0.5521,0.4068,0.6642,0.4499,0.0000,1.0000
38.4000,6.1140,Human,1,drive_session_013,1.0000,0.5481,0.4039,0.6686,0.4529,0.0000,1.0000
38.5200,6.1140,Human,1,drive_session_013,1.0000,0.5438,0.4007,0.6733,0.4561,0.0000,1.0000
38.6400,6.1140,Human,1,drive_session_013,1.0000,0.5397,0.3977,0.6777,0.4591,0.0000,1.0000
38.7600,6.1140,Human,1,drive_session_013,1.0000,0.5356,0.3947,0.6822,0.4621,0.0000,1.0000
38.8800,6.1140,Human,1,drive_session_013,1.0000,1.0000,0.3915,0.6868,0.4652,0.0000,1.0000
39.0000,6.1140,Human,1,drive_session_013,1.0000,1.0000,0.3883,0.6915,0.4685,0.0000,1.0000
39.1200,6.1140,Human,1,drive_session_013,1.0000,1.0000,0.3854,0.6958,0.4714,0.0000,1.0000
39.2400,6.0708,Human,1,drive_session_013,1.0000,1.0000,0.3596,0.8657,0.5086,-1.0000,1.0000
39.3600,5.8914,Human,1,drive_session_013,1.0000,1.0000,0.3271,1.0000,0.5935,0.0000,1.0000
39.4800,5.9612,Human,1,drive_session_013,0.9727,1.0000,0.3124,0.9518,0.6083,0.0000,1.0000
39.6000,6.5563,Human,1,drive_session_013,0.9200,1.0000,0.2883,0.8709,0.6488,-1.0000,1.0000
39.7200,6.0838,Human,1,drive_session_013,0.9712,1.0000,0.2440,0.7877,0.8484,-1.0000,1.0000
39.8400,6.0923,Human,1,drive_session_013,0.9106,1.0000,0.2715,0.7219,0.9334,0.0000,1.0000
39.9600,6.0948,Human,1,drive_session_013,0.8331,1.0000,0.5087,0.6653,0.9751,0.0000,1.0000
40.0800,6.5694,Human,1,drive_session_013,0.7536,1.0000,0.6605,0.6041,0.8850,-1.0000,1.0000
40.2000,6.2482,Human,1,drive_session_013,0.8495,1.0000,0.5181,0.5952,0.6948,0.0000,1.0000
40.3200,6.3498,Human,1,drive_session_013,0.7632,1.0000,0.6132,0.5412,0.6310,0.0000,1.0000
40.4400,6.2646,Human,1,drive_session_013,0.7058,1.0000,0.6781,0.4973,0.5628,-1.0000,1.0000
40.5600,5.9306,Human,1,drive_session_013,0.9096,1.0000,0.5701,0.5021,0.5114,-1.0000,1.0000
40.6800,5.5621,Human,1,drive_session_013,1.0000,1.0000,0.5137,0.5510,0.5024,-1.0000,1.0000
40.8000,5.6750,Human,1,drive_session_013,1.0000,1.0000,0.5386,0.5297,0.4658,0.0000,1.0000
40.9200,5.7994,Human,1,drive_session_013,1.0000,1.0000,0.5706,0.4944,0.4347,0.0000,1.0000
41.0400,5.8787,Human,1,drive_session_013,0.9854,1.0000,0.6010,0.4624,0.4073,-1.0000,1.0000
41.1600,5.6931,Human,1,drive_session_013,1.0000,0.9176,0.5491,0.5890,0.4281,-1.0000,1.0000
41.2800,5.7124,Human,1,drive_session_013,1.0000,0.8289,0.5472,0.6010,0.4351,0.0000,1.0000
41.4000,5.8185,Human,1,drive_session_013,1.0000,0.8694,0.5537,0.5694,0.4300,0.0000,1.0000
41.5200,6.0273,Human,1,drive_session_013,1.0000,0.9337,0.5553,0.5502,0.4259,0.0000,1.0000
41.6400,6.0897,Human,1,drive_session_013,1.0000,1.0000,0.5555,0.5237,0.4250,0.0000,1.0000
41.7600,6.0768,Human,1,drive_session_013,1.0000,1.0000,0.5569,0.5024,0.4285,0.0000,1.0000
41.8800,6.0762,Human,1,drive_session_013,1.0000,1.0000,0.5738,0.4819,0.4083,0.0000,1.0000
42.0000,6.0264,Human,1,drive_session_013,1.0000,1.0000,0.5883,0.4602,0.3932,0.0000,1.0000
42.1200,6.3953,Human,1,drive_session_013,1.0000,1.0000,0.6032,0.4397,0.3809,0.0000,1.0000
42.2400,6.2295,Human,1,drive_session_013,1.0000,1.0000,0.6183,0.4190,0.3627,0.0000,1.0000
42.3600,6.2044,Human,1,drive_session_013,0.9794,1.0000,0.6306,0.3998,0.3491,0.0000,1.0000
42.4800,6.1848,Human,1,drive_session_013,0.8990,1.0000,0.6497,0.3804,0.3291,0.0000,1.0000
42.6000,6.1694,Human,1,drive_session_013,0.8268,1.0000,0.6813,0.3641,0.3107,0.0000,1.0000
42.7200,6.1574,Human,1,drive_session_013,0.7551,1.0000,0.7138,0.3439,0.2957,0.0000,1.0000
42.8400,6.1479,Human,1,drive_session_013,0.6770,1.0000,0.7512,0.3081,0.2794,0.0000,1.0000
42.9600,6.8096,Human,1,drive_session_013,0.6052,1.0000,0.7846,0.2772,0.2620,0.0000,1.0000
43.0800,6.1420,Human,1,drive_session_013,0.5305,1.0000,0.8228,0.2426,0.2468,0.0000,1.0000
43.2000,6.5622,Human,1,drive_session_013,0.4504,1.0000,0.8614,0.2077,0.2121,0.0000,1.0000
43.3200,6.3851,Human,1,drive_session_013,0.3658,1.0000,0.9018,0.1710,0.1748,0.0000,1.0000
43.4400,2.9588,Human,1,drive_session_013,0.3162,1.0000,0.9238,0.1502,0.1549,0.0000,1.0000
43.5600,3.4362,Human,1,drive_session_013,0.3154,1.0000,0.9237,0.1479,0.1545,0.0000,1.0000
43.6800,2.3815,Human,1,drive_session_013,0.6002,1.0000,0.8360,0.1936,0.1778,-1.0000,1.0000
43.8000,3.1473,Human,1,drive_session_013,1.0000,1.0000,0.7578,0.2918,0.2154,-1.0000,1.0000
43.9200,3.7447,Human,1,drive_session_013,1.0000,0.9560,0.7365,0.3685,0.2376,0.0000,1.0000
44.0400,4.2655,Human,1,drive_session_013,1.0000,0.9561,0.7384,0.3689,0.2375,0.0000,1.0000
44.1600,4.6687,Human,1,drive_session_013,1.0000,0.9550,0.7375,0.3732,0.2384,0.0000,1.0000
44.2800,5.5864,Human,1,drive_session_013,1.0000,0.9474,0.7319,0.3792,0.2425,0.0000,1.0000
44.4000,5.3739,Human,1,drive_session_013,1.0000,0.9399,0.7261,0.3906,0.2472,0.0000,1.0000
44.5200,5.5347,Human,1,drive_session_013,1.0000,0.9307,0.7209,0.3964,0.2531,0.0000,1.0000
44.6400,5.6605,Human,1,drive_session_013,1.0000,0.9185,0.7137,0.4042,0.2598,0.0000,1.0000
44.7600,5.7591,Human,1,drive_session_013,1.0000,0.9100,0.7071,0.4173,0.2661,0.0000,1.0000
44.8800,6.4208,Human,1,drive_session_013,1.0000,0.8945,0.7016,0.4278,0.2743,0.0000,1.0000
45.0000,6.0880,Human,1,drive_session_013,1.0000,0.8642,0.6956,0.4427,0.2802,0.0000,1.0000
45.1200,6.0933,Human,1,drive_session_013,1.0000,0.8399,0.6905,0.4578,0.2853,0.0000,1.0000
45.2400,6.0978,Human,1,drive_session_013,1.0000,0.8108,0.6828,0.5167,0.2948,0.0000,1.0000
45.3600,6.1013,Human,1,drive_session_013,1.0000,0.7867,0.6778,0.5772,0.3016,0.0000,1.0000
45.4800,5.6208,Human,1,drive_session_013,1.0000,0.7602,0.6689,0.6369,0.3104,0.0000,1.0000
45.6000,7.0067,Human,1,drive_session_013,1.0000,0.7310,0.6586,0.7499,0.3218,0.0000,1.0000
45.7200,6.8603,Human,1,drive_session_013,1.0000,0.7046,0.6472,1.0000,0.3401,0.0000,1.0000
45.8400,6.4687,Human,1,drive_session_013,1.0000,0.6778,0.6396,1.0000,0.3683,0.0000,1.0000
45.9600,6.3087,Human,1,drive_session_013,1.0000,0.7517,0.6210,0.7053,0.3479,1.0000,1.0000
46.0800,6.2280,Human,1,drive_session_013,1.0000,0.8480,0.6296,0.4922,0.3274,0.0000,1.0000
46.2000,6.2934,Human,1,drive_session_013,1.0000,0.8095,0.6178,0.5655,0.3449,0.0000,1.0000
46.3200,6.2375,Human,1,drive_session_013,1.0000,0.7757,0.6084,0.6259,0.3554,0.0000,1.0000
46.4400,6.2142,Human,1,drive_session_013,1.0000,0.7422,0.6023,0.6865,0.3627,0.0000,1.0000
46.5600,6.1938,Human,1,drive_session_013,1.0000,0.7151,0.5946,0.7319,0.3677,0.0000,1.0000
46.6800,5.6891,Human,1,drive_session_013,1.0000,0.6859,0.5934,0.7833,0.3920,0.0000,1.0000
46.8000,7.0601,Human,1,drive_session_013,1.0000,0.6570,0.5906,1.0000,0.4163,0.0000,1.0000
46.9200,6.7190,Human,1,drive_session_013,1.0000,0.6282,0.5767,1.0000,0.4422,0.0000,1.0000
47.0400,6.5073,Human,1,drive_session_013,1.0000,0.6503,0.5638,1.0000,0.4385,1.0000,1.0000
47.1600,6.1683,Human,1,drive_session_013,1.0000,0.7954,0.5820,0.5340,0.3967,1.0000,1.0000
47.2800,6.1582,Human,1,drive_session_013,1.0000,1.0000,0.6469,0.4004,0.3712,1.0000,1.0000
47.4000,5.9814,Human,1,drive_session_013,1.0000,1.0000,0.6627,0.3836,0.3677,0.0000,1.0000
47.5200,6.0359,Human,1,drive_session_013,1.0000,1.0000,0.6709,0.3729,0.3580,0.0000,1.0000
47.6400,6.0646,Human,1,drive_session_013,1.0000,1.0000,0.6669,1.0000,0.3440,0.0000,1.0000
47.7600,6.3732,Human,1,drive_session_013,1.0000,1.0000,0.6660,1.0000,0.3234,0.0000,1.0000
47.8800,6.1893,Human,1,drive_session_013,0.9725,1.0000,0.6698,1.0000,0.2984,0.0000,1.0000
48.0000,5.5069,Human,1,drive_session_013,0.9026,0.9949,0.6717,1.0000,0.2874,0.0000,1.0000
48.1200,6.9175,Human,1,drive_session_013,0.8294,0.9799,0.6766,1.0000,0.7101,0.0000,1.0000
48.2400,6.4945,Human,1,drive_session_013,0.7489,0.9585,0.6792,1.0000,1.0000,0.0000,1.0000
48.3600,6.3977,Human,1,drive_session_013,0.7001,0.7740,0.7404,1.0000,0.8358,1.0000,1.0000
48.4800,6.2720,Human,1,drive_session_013,0.7153,0.6414,0.8860,1.0000,0.5590,1.0000,1.0000
48.6000,5.7242,Human,1,drive_session_013,0.8068,0.5765,0.8240,1.0000,0.4610,1.0000,1.0000
48.7200,5.3213,Human,1,drive_session_013,1.0000,0.5675,0.6444,1.0000,0.4067,1.0000,1.0000
48.8400,5.1325,Human,1,drive_session_013,1.0000,0.5980,0.5702,0.8286,0.3818,0.0000,1.0000
48.9600,4.8878,Human,1,drive_session_013,1.0000,0.6820,0.5432,0.5876,0.3630,0.0000,1.0000
49.0800,5.5895,Human,1,drive_session_013,1.0000,0.6403,0.5100,0.6414,0.3962,0.0000,1.0000
49.2000,5.7196,Human,1,drive_session_013,1.0000,0.6087,0.4848,0.6821,0.4213,0.0000,1.0000
49.3200,5.3619,Human,1,drive_session_013,1.0000,0.5868,0.4674,0.7103,0.4388,0.0000,1.0000
49.4400,6.7370,Human,1,drive_session_013,1.0000,0.6332,0.4665,0.6396,0.4333,0.0000,1.0000
49.5600,6.0571,Human,1,drive_session_013,1.0000,0.6181,0.4554,0.6559,0.4444,0.0000,1.0000
49.6800,6.0723,Human,1,drive_session_013,1.0000,0.6065,0.4469,0.6686,0.4529,0.0000,1.0000
49.8000,6.0825,Human,1,drive_session_013,1.0000,0.5986,0.4410,0.6772,0.4588,0.0000,1.0000
49.9200,6.0898,Human,1,drive_session_013,1.0000,0.5912,0.4356,0.6852,0.4642,0.0000,1.0000
50.0400,6.0952,Human,1,drive_session_013,1.0000,0.5858,0.4316,0.6911,0.4682,0.0000,1.0000
50.1600,6.0993,Human,1,drive_session_013,1.0000,0.5803,0.4276,0.6971,0.4722,0.0000,1.0000
50.2800,6.1026,Human,1,drive_session_013,1.0000,0.5758,0.4242,0.7020,0.4756,0.0000,1.0000
50.4000,6.1051,Human,1,drive_session_013,1.0000,0.5710,0.4207,0.7072,0.4791,0.0000,1.0000
50.5200,6.1070,Human,1,drive_session_013,1.0000,0.5667,0.4176,0.7119,0.4822,0.0000,1.0000
50.6400,6.1085,Human,1,drive_session_013,1.0000,0.5621,0.4142,0.7169,0.4856,0.0000,1.0000
50.7600,6.1097,Human,1,drive_session_013,1.0000,0.5579,0.4111,0.7215,0.4887,0.0000,1.0000
50.8800,6.1107,Human,1,drive_session_013,1.0000,0.5539,0.4081,0.7258,0.4916,0.0000,1.0000
51.0000,6.1114,Human,1,drive_session_013,1.0000,0.5496,0.4050,0.7305,0.4948,0.0000,1.0000
51.1200,6.1120,Human,1,drive_session_013,1.0000,0.5452,0.4017,0.7353,0.4981,0.0000,1.0000
51.2400,6.1124,Human,1,drive_session_013,1.0000,0.5412,0.3987,0.7397,0.5010,0.0000,1.0000
51.3600,6.1128,Human,1,drive_session_013,1.0000,0.5369,0.3956,0.7443,0.5042,0.0000,1.0000
51.4800,6.1130,Human,1,drive_session_013,1.0000,0.5327,0.3925,0.7489,0.5073,0.0000,1.0000
51.6000,6.1132,Human,1,drive_session_013,1.0000,0.5284,0.3893,0.7536,0.5105,0.0000,1.0000
51.7200,6.1094,Human,1,drive_session_013,1.0000,0.5591,0.3954,0.7123,0.5036,0.0000,1.0000
51.8400,6.1107,Human,1,drive_session_013,1.0000,0.5566,0.3936,0.7148,0.5054,0.0000,1.0000
51.9600,6.1116,Human,1,drive_session_013,1.0000,0.5551,0.3926,0.7163,0.5064,0.0000,1.0000
52.0800,6.1122,Human,1,drive_session_013,1.0000,0.5541,0.3918,0.7173,0.5072,0.0000,1.0000
52.2000,6.1126,Human,1,drive_session_013,1.0000,0.5535,0.3914,0.7179,0.5076,0.0000,1.0000
52.3200,6.1129,Human,1,drive_session_013,1.0000,0.5531,0.3911,0.7183,0.5079,0.0000,1.0000
52.4400,6.1131,Human,1,drive_session_013,1.0000,0.5529,0.3910,0.7185,0.5080,0.0000,1.0000
52.5600,6.1133,Human,1,drive_session_013,1.0000,0.5527,0.3909,0.7187,0.5081,0.0000,1.0000
52.6800,6.1135,Human,1,drive_session_013,1.0000,0.5526,0.3908,0.7188,0.5082,0.0000,1.0000
52.8000,6.1136,Human,1,drive_session_013,1.0000,0.5526,0.3908,0.7188,0.5082,0.0000,1.0000
52.9200,6.1137,Human,1,drive_session_013,1.0000,0.5525,0.3907,0.7189,0.5083,0.0000,1.0000
53.0400,6.1138,Human,1,drive_session_013,1.0000,0.5525,0.3907,0.7189,0.5083,0.0000,1.0000
53.1600,6.1138,Human,1,drive_session_013,1.0000,0.5525,0.3907,0.7189,0.5083,0.0000,1.0000
53.2800,6.1139,Human,1,drive_session_013,1.0000,0.5525,0.3907,0.7189,0.5083,0.0000,1.0000
53.4000,6.1139,Human,1,drive_session_013,1.0000,0.5525,0.3907,0.7189,0.5083,0.0000,1.0000
53.5200,6.1139,Human,1,drive_session_013,1.0000,0.5524,0.3907,0.7189,0.5083,0.0000,1.0000
53.6400,6.1139,Human,1,drive_session_013,1.0000,0.5524,0.3907,0.7190,0.5083,0.0000,1.0000
53.7600,6.1139,Human,1,drive_session_013,1.0000,0.5524,0.3906,0.7190,0.5084,0.0000,1.0000
53.8800,6.1140,Human,1,drive_session_013,1.0000,0.5524,0.3906,0.7713,0.5084,0.0000,1.0000
54.0000,6.1140,Human,1,drive_session_013,1.0000,0.5524,0.3906,0.7713,0.5084,0.0000,1.0000
54.1200,6.1140,Human,1,drive_session_013,1.0000,0.5524,0.3906,0.7713,0.5084,0.0000,1.0000
54.2400,6.1140,Human,1,drive_session_013,1.0000,0.5524,0.3906,0.7713,0.5084,0.0000,1.0000
54.3600,6.1140,Human,1,drive_session_013,1.0000,0.5524,0.3906,0.7713,0.5084,0.0000,1.0000
54.4800,6.1140,Human,1,drive_session_013,1.0000,0.5524,0.3906,0.7713,0.5084,0.0000,1.0000
54.6000,6.1140,Human,1,drive_session_013,1.0000,0.5524,0.3906,0.7713,0.5084,0.0000,1.0000
54.7200,6.1140,Human,1,drive_session_013,1.0000,0.5524,0.3906,0.7713,0.5454,0.0000,1.0000
54.8400,6.1140,Human,1,drive_session_013,1.0000,0.5524,0.3906,0.7713,0.5454,0.0000,1.0000
54.9600,6.1140,Human,1,drive_session_013,1.0000,0.5524,0.3906,0.7713,0.5454,0.0000,1.0000
55.0800,6.1140,Human,1,drive_session_013,1.0000,1.0000,0.3906,0.7713,0.5454,0.0000,1.0000
55.2000,6.1140,Human,1,drive_session_013,1.0000,1.0000,0.3906,0.7713,0.5454,0.0000,1.0000
55.3200,6.0411,Human,1,drive_session_013,1.0000,1.0000,0.3591,1.0000,0.5902,-1.0000,1.0000
55.4400,5.7752,Human,1,drive_session_013,1.0000,0.3187,0.3257,1.0000,0.6989,-1.0000,1.0000
55.5600,6.4538,Human,1,drive_session_013,1.0000,0.2657,0.3017,0.9623,0.7926,0.0000,1.0000
55.6800,6.0036,Human,1,drive_session_013,1.0000,1.0000,0.2738,0.8899,0.8205,0.0000,1.0000
55.8000,6.7308,Human,1,drive_session_013,0.9269,1.0000,0.2402,0.8241,0.8541,0.0000,1.0000
55.9200,6.2285,Human,1,drive_session_013,0.8467,1.0000,0.2371,0.7533,0.8955,0.0000,1.0000
56.0400,6.4118,Human,1,drive_session_013,0.7701,1.0000,0.7821,0.6877,0.9381,0.0000,1.0000
56.1600,5.9338,Human,1,drive_session_013,0.7822,1.0000,0.5994,0.6354,0.8926,-1.0000,1.0000
56.2800,6.1000,Human,1,drive_session_013,0.8967,1.0000,0.4843,0.6323,0.7115,-1.0000,1.0000
56.4000,5.6151,Human,1,drive_session_013,1.0000,1.0000,0.4252,0.6303,0.6348,-1.0000,1.0000
56.5200,5.6403,Human,1,drive_session_013,1.0000,1.0000,0.4467,0.6078,0.5984,0.0000,1.0000
56.6400,6.1855,Human,1,drive_session_013,1.0000,1.0000,0.4612,0.5973,0.5772,-1.0000,1.0000
56.7600,5.4673,Human,1,drive_session_013,1.0000,0.7529,0.4215,0.7080,0.5604,-1.0000,1.0000
56.8800,5.1756,Human,1,drive_session_013,1.0000,0.5024,0.3978,0.8556,0.5872,0.0000,1.0000
57.0000,5.4535,Human,1,drive_session_013,1.0000,0.5222,0.4120,0.8153,0.5731,0.0000,1.0000
57.1200,5.6244,Human,1,drive_session_013,1.0000,0.5640,0.4184,0.7842,0.5677,0.0000,1.0000
57.2400,5.6731,Human,1,drive_session_013,1.0000,0.5085,0.4069,0.8340,0.5956,-1.0000,1.0000
57.3600,5.7776,Human,1,drive_session_013,1.0000,0.4026,0.3845,1.0000,0.6572,0.0000,1.0000
57.4800,5.8747,Human,1,drive_session_013,1.0000,0.4111,0.3690,1.0000,0.6481,0.0000,1.0000
57.6000,5.9233,Human,1,drive_session_013,1.0000,0.4120,0.3500,0.9941,0.6468,0.0000,1.0000
57.7200,5.9679,Human,1,drive_session_013,1.0000,0.4088,0.3286,0.9743,0.6519,0.0000,1.0000
57.8400,6.0452,Human,1,drive_session_013,1.0000,0.4022,0.3152,0.9614,0.6548,0.0000,1.0000
57.9600,6.2799,Human,1,drive_session_013,1.0000,0.3920,0.3093,0.9457,0.6597,0.0000,1.0000
58.0800,6.2041,Human,1,drive_session_013,1.0000,0.3851,0.3024,0.9296,0.6637,0.0000,1.0000
58.2000,6.1846,Human,1,drive_session_013,1.0000,0.3998,0.2956,0.9176,0.6661,0.0000,1.0000
58.3200,6.1693,Human,1,drive_session_013,1.0000,0.4171,0.2870,0.9006,0.6722,0.0000,1.0000
58.4400,6.1573,Human,1,drive_session_013,1.0000,0.4359,0.2782,0.8868,0.6784,0.0000,1.0000
58.5600,5.5255,Human,1,drive_session_013,1.0000,0.4530,0.2774,0.8699,0.6833,0.0000,1.0000
58.6800,6.9321,Human,1,drive_session_013,1.0000,0.4752,0.2861,0.8536,0.6903,0.0000,1.0000
58.8000,6.2205,Human,1,drive_session_013,1.0000,0.3864,0.2676,0.9683,0.7056,0.0000,1.0000
58.9200,6.2018,Human,1,drive_session_013,1.0000,0.4016,0.2747,0.9559,0.6985,0.0000,1.0000
59.0400,6.1846,Human,1,drive_session_013,1.0000,0.4090,0.2794,0.9489,0.6938,0.0000,1.0000
59.1600,6.6030,Human,1,drive_session_013,1.0000,0.4157,0.2855,0.9406,0.6895,0.0000,1.0000
59.2800,6.3425,Human,1,drive_session_013,1.0000,0.4209,0.2895,0.9326,0.6837,0.0000,1.0000
59.4000,6.4861,Human,1,drive_session_013,1.0000,0.4269,0.2928,0.9285,0.6789,0.0000,1.0000
59.5200,6.2851,Human,1,drive_session_013,1.0000,0.4297,0.2948,0.9282,0.6752,0.0000,1.0000
59.6400,6.7754,Human,1,drive_session_013,1.0000,0.4356,0.2973,0.9274,0.6718,0.0000,1.0000
59.7600,6.4120,Human,1,drive_session_013,1.0000,0.4413,0.2990,0.9283,0.6697,0.0000,1.0000
59.8800,6.3472,Human,1,drive_session_013,1.0000,0.4470,0.3023,0.9337,0.6680,0.0000,1.0000
60.0000,6.3741,Human,1,drive_session_013,1.0000,0.4473,0.3061,0.9689,0.6656,0.0000,1.0000
60.1200,6.5148,Human,1,drive_session_013,1.0000,0.4481,0.3083,1.0000,0.6649,0.0000,1.0000
60.2400,6.3368,Human,1,drive_session_013,1.0000,0.4472,0.3122,1.0000,0.6610,0.0000,1.0000
60.3600,6.2884,Human,1,drive_session_013,1.0000,0.4500,0.3159,1.0000,0.6573,0.0000,1.0000
60.4800,6.2505,Human,1,drive_session_013,1.0000,0.4351,0.3163,1.0000,0.6569,0.0000,1.0000
60.6000,6.2209,Human,1,drive_session_013,1.0000,0.4151,0.3166,1.0000,0.6549,0.0000,1.0000
60.7200,6.1976,Human,1,drive_session_013,1.0000,0.3979,0.3186,1.0000,0.6546,0.0000,1.0000
60.8400,6.0772,Human,1,drive_session_013,1.0000,0.3791,0.3174,1.0000,0.6558,0.0000,1.0000
60.9600,6.4172,Human,1,drive_session_013,1.0000,0.3585,0.3088,1.0000,0.6660,0.0000,1.0000
61.0800,6.2555,Human,1,drive_session_013,0.9710,0.3395,0.2902,1.0000,0.6869,0.0000,1.0000
61.2000,6.2248,Human,1,drive_session_013,0.9026,0.3254,0.2750,1.0000,0.7042,0.0000,1.0000
61.3200,6.2860,Human,1,drive_session_013,0.8188,0.3034,0.2566,1.0000,0.7245,0.0000,1.0000
61.4400,6.2417,Human,1,drive_session_013,1.0000,0.3680,0.2752,1.0000,0.6876,1.0000,1.0000
61.5600,5.9077,Human,1,drive_session_013,1.0000,0.5369,0.3245,0.8792,0.6568,1.0000,1.0000
61.6800,5.9337,Human,1,drive_session_013,1.0000,0.5417,0.3349,0.8582,0.6571,0.0000,1.0000
61.8000,5.9917,Human,1,drive_session_013,1.0000,0.5197,0.3362,0.8818,0.6542,0.0000,1.0000
61.9200,6.0256,Human,1,drive_session_013,1.0000,0.5038,0.3456,0.8948,0.6456,0.0000,1.0000
62.0400,6.0476,Human,1,drive_session_013,1.0000,0.4922,0.3602,0.9054,0.6335,0.0000,1.0000
62.1600,6.0631,Human,1,drive_session_013,1.0000,0.4830,0.3566,0.9141,0.6246,0.0000,1.0000
62.2800,6.7451,Human,1,drive_session_013,1.0000,0.4747,0.3503,1.0000,0.6299,0.0000,1.0000
62.4000,6.2543,Human,1,drive_session_013,1.0000,0.4678,0.3481,1.0000,0.6327,0.0000,1.0000
62.5200,6.1978,Human,1,drive_session_013,1.0000,0.5258,0.3608,1.0000,0.6185,1.0000,1.0000
62.6400,5.5475,Human,1,drive_session_013,1.0000,0.7414,0.4298,0.6381,0.5910,1.0000,1.0000
62.7600,6.8959,Human,1,drive_session_013,1.0000,0.7702,0.4513,0.6072,0.5824,0.0000,1.0000
62.8800,6.1101,Human,1,drive_session_013,1.0000,0.7565,0.4631,1.0000,0.5683,0.0000,1.0000
63.0000,6.1168,Human,1,drive_session_013,1.0000,0.7543,0.4805,1.0000,0.5496,0.0000,1.0000
63.1200,6.1185,Human,1,drive_session_013,1.0000,0.7546,0.4943,1.0000,0.5270,0.0000,1.0000
63.2400,5.7169,Human,1,drive_session_013,1.0000,0.7598,0.4969,1.0000,0.5051,0.0000,1.0000
63.3600,7.0819,Human,1,drive_session_013,1.0000,0.7595,0.5029,1.0000,0.4791,0.0000,1.0000
63.4800,6.1374,Human,1,drive_session_013,0.9653,0.9827,0.5582,1.0000,0.4509,1.0000,1.0000
63.6000,5.4468,Human,1,drive_session_013,1.0000,0.9072,0.6811,1.0000,0.4427,1.0000,1.0000
63.7200,6.5371,Human,1,drive_session_013,1.0000,0.8267,0.8168,1.0000,0.4290,0.0000,1.0000
63.8400,6.8769,Human,1,drive_session_013,0.9757,0.7552,0.8562,1.0000,0.3466,0.0000,1.0000
63.9600,6.3336,Human,1,drive_session_013,0.8877,0.6870,0.8779,1.0000,0.3629,0.0000,1.0000
64.0800,6.2925,Human,1,drive_session_013,0.8083,0.6256,0.9165,1.0000,0.4332,0.0000,1.0000
64.2000,6.4659,Human,1,drive_session_013,0.7993,0.5711,0.8163,1.0000,0.4687,1.0000,1.0000
64.3200,6.1104,Human,1,drive_session_013,1.0000,0.5672,0.6439,1.0000,0.4071,1.0000,1.0000
64.4400,6.0275,Human,1,drive_session_013,1.0000,0.5429,0.5745,1.0000,0.4292,0.0000,1.0000
64.5600,6.0693,Human,1,drive_session_013,1.0000,0.4977,0.5267,1.0000,0.4770,0.0000,1.0000
64.6800,6.0579,Human,1,drive_session_013,1.0000,0.4709,0.4812,1.0000,0.5029,1.0000,1.0000
64.8000,5.7969,Human,1,drive_session_013,1.0000,0.5584,0.4617,0.7661,0.4501,1.0000,1.0000
64.9200,5.5701,Human,1,drive_session_013,1.0000,0.7006,0.4746,0.5771,0.4252,0.0000,1.0000
65.0400,5.7336,Human,1,drive_session_013,1.0000,0.6771,0.4588,0.5986,0.4410,0.0000,1.0000
65.1600,5.8335,Human,1,drive_session_013,1.0000,0.6633,0.4494,0.6114,0.4504,0.0000,1.0000
65.2800,5.9009,Human,1,drive_session_013,1.0000,0.6567,0.4449,0.6175,0.4549,0.0000,1.0000
65.4000,5.9497,Human,1,drive_session_013,1.0000,0.6545,0.4435,0.6194,0.4563,0.0000,1.0000
65.5200,5.9863,Human,1,drive_session_013,1.0000,0.6548,0.4436,0.6192,0.4562,0.0000,1.0000
65.6400,6.0144,Human,1,drive_session_013,1.0000,0.6566,0.4448,0.6175,0.4549,0.0000,1.0000
65.7600,6.0362,Human,1,drive_session_013,1.0000,0.6597,0.4469,0.6147,0.4529,0.0000,1.0000
65.8800,6.0531,Human,1,drive_session_013,1.0000,0.6630,0.4492,0.6117,0.4506,0.0000,1.0000
66.0000,6.0664,Human,1,drive_session_013,1.0000,0.6670,0.4519,0.6079,0.4479,0.0000,1.0000
66.1200,6.0767,Human,1,drive_session_013,1.0000,0.6710,0.4546,0.6043,0.4452,0.0000,1.0000
66.2400,6.0848,Human,1,drive_session_013,1.0000,0.6754,0.4576,0.6003,0.4422,0.0000,1.0000
66.3600,6.0912,Human,1,drive_session_013,1.0000,0.6797,0.4605,0.5963,0.4393,0.0000,1.0000
66.4800,6.0961,Human,1,drive_session_013,1.0000,0.6840,0.4634,0.5923,0.4364,0.0000,1.0000
66.6000,6.1000,Human,1,drive_session_013,1.0000,0.6887,0.4666,0.5880,0.4332,0.0000,1.0000
66.7200,6.1030,Human,1,drive_session_013,1.0000,0.6932,0.4696,0.5839,0.4302,0.0000,1.0000
66.8400,6.1054,Human,1,drive_session_013,1.0000,0.6974,0.4725,0.5800,0.4273,0.0000,1.0000
66.9600,6.1073,Human,1,drive_session_013,1.0000,0.7022,0.4757,0.5756,0.4241,-1.0000,1.0000
67.0800,6.0458,Human,1,drive_session_013,1.0000,0.5580,0.4444,0.7474,0.4617,0.0000,1.0000
67.2000,6.0667,Human,1,drive_session_013,1.0000,0.5558,0.4427,0.7503,0.4635,0.0000,1.0000
67.3200,6.0794,Human,1,drive_session_013,1.0000,0.5498,0.4379,0.7580,0.4683,0.0000,1.0000
67.4400,6.0878,Human,1,drive_session_013,1.0000,0.5421,0.4318,0.7679,0.4744,1.0000,1.0000
67.5600,6.0888,Human,1,drive_session_013,1.0000,0.5968,0.4397,0.6791,0.4601,0.0000,1.0000
67.6800,6.0949,Human,1,drive_session_013,1.0000,0.5901,0.4347,0.6865,0.4650,0.0000,1.0000
67.8000,6.0993,Human,1,drive_session_013,1.0000,0.5836,0.4300,0.6935,0.4698,0.0000,1.0000
67.9200,6.1026,Human,1,drive_session_013,1.0000,0.5786,0.4263,0.6989,0.4735,0.0000,1.0000
68.0400,6.1051,Human,1,drive_session_013,1.0000,0.5735,0.4225,0.7045,0.4772,0.0000,1.0000
68.1600,6.1070,Human,1,drive_session_013,1.0000,0.5687,0.4190,0.7097,0.4808,0.0000,1.0000
68.2800,6.1086,Human,1,drive_session_013,1.0000,0.5646,0.4160,0.7142,0.4838,0.0000,1.0000
68.4000,6.1097,Human,1,drive_session_013,1.0000,0.5601,0.4127,0.7191,0.4871,0.0000,1.0000
68.5200,6.1107,Human,1,drive_session_013,1.0000,0.5559,0.4096,0.7236,0.4902,0.0000,1.0000
68.6400,6.1114,Human,1,drive_session_013,1.0000,0.5515,0.4063,0.7284,0.4934,0.0000,1.0000
68.7600,6.1120,Human,1,drive_session_013,1.0000,0.5472,0.4032,0.7331,0.4966,0.0000,1.0000
68.8800,4.3046,Human,1,drive_session_013,1.0000,0.5437,0.4006,0.7369,0.4992,0.0000,0.0000
69.0000,2.0907,Human,1,drive_session_013,1.0000,0.5414,0.3989,0.7394,0.5009,0.0000,0.0000
